Behavioral Variable,G_resp,binary_or_ternary_introduced,entropy_diff_norm_q_avg,isochrony_introduced
Condition,600_5,600_5,600_5,600_5
Base Metric,,,,
CP,0.8302947502894614,0.8430993170987544,0.8302947502894614,0.8302947502894614
ST_PREC,0.8302947502894614,0.9258053539710088,0.8302947502894614,0.8302947502894614
ST_PREM,0.9258053539710088,0.9258053539710088,0.8302947502894614,0.9258053539710088
T_PREC,0.8302947502894614,0.9258053539710088,0.8302947502894614,0.8302947502894614
T_PREM,0.9258053539710088,0.9258053539710088,0.8302947502894614,0.9258053539710088
