Behavioral Variable,G_resp,binary_or_ternary_introduced,entropy_diff_norm_q_avg,isochrony_introduced
Condition,600_5,600_5,600_5,600_5
Base Metric,,,,
CP,0.9477463868073315,0.836515082216106,0.9674176672979304,0.9674176672979304
ST_PREC,0.836515082216106,0.9674176672979304,0.9674176672979304,0.9674176672979304
ST_PREM,0.9674176672979304,0.9674176672979304,0.9674176672979304,0.9674176672979304
T_PREC,0.836515082216106,0.9674176672979304,0.9674176672979304,0.9477463868073315
T_PREM,0.9674176672979304,0.9477463868073315,0.9674176672979304,0.9674176672979304
