Behavioral Variable,G_resp,binary_or_ternary_introduced,entropy_diff_norm_q_avg,isochrony_introduced
Condition,600_5,600_5,600_5,600_5
Base Metric,,,,
CP,0.7324951873238604,0.20401741867710058,0.818219429063897,0.2714978840873696
ST_PREC,0.7150358806622908,0.20401741867710058,0.20401741867710058,0.075817796646992
ST_PREM,0.8475714207527838,0.4491304518739338,0.5632864593471543,0.7260741775022739
T_PREC,0.719409961399634,0.20401741867710058,0.20401741867710058,0.046859592598936
T_PREM,0.8475714207527838,0.2714978840873696,0.7324951873238604,0.7324951873238604
